data,dia_semana,hora,altura_m,tipo_mare
2025-01-01,Quarta-feira,05:16,2.13,Preamar
2025-01-01,Quarta-feira,11:12,0.27,Baixa-mar
2025-01-01,Quarta-feira,17:25,2.31,Preamar
2025-01-01,Quarta-feira,23:42,0.1,Baixa-mar
2025-01-17,Sexta-feira,00:21,0.2,Baixa-mar
2025-01-17,Sexta-feira,06:36,2.07,Preamar
2025-01-17,Sexta-feira,12:23,0.35,Baixa-mar
2025-01-17,Sexta-feira,18:44,2.18,Preamar
2025-01-02,Quinta-feira,05:57,2.14,Preamar
2025-01-02,Quinta-feira,11:53,0.26,Baixa-mar
2025-01-02,Quinta-feira,18:06,2.32,Preamar
2025-01-18,Sábado,00:55,0.31,Baixa-mar
2025-01-18,Sábado,07:08,2.0,Preamar
2025-01-18,Sábado,12:59,0.44,Baixa-mar
2025-01-18,Sábado,19:19,2.06,Preamar
2025-01-03,Sexta-feira,00:21,0.12,Baixa-mar
2025-01-03,Sexta-feira,06:40,2.11,Preamar
2025-01-03,Sexta-feira,12:34,0.28,Baixa-mar
2025-01-03,Sexta-feira,18:49,2.28,Preamar
2025-01-19,Domingo,01:27,0.43,Baixa-mar
2025-01-19,Domingo,07:44,1.9,Preamar
2025-01-19,Domingo,13:32,0.55,Baixa-mar
2025-01-19,Domingo,19:57,1.93,Preamar
2025-01-04,Sábado,01:04,0.17,Baixa-mar
2025-01-04,Sábado,07:23,2.07,Preamar
2025-01-04,Sábado,13:19,0.33,Baixa-mar
2025-01-04,Sábado,19:38,2.21,Preamar
2025-01-20,Segunda-feira,02:02,0.57,Baixa-mar
2025-01-20,Segunda-feira,08:21,1.81,Preamar
2025-01-20,Segunda-feira,14:12,0.66,Baixa-mar
2025-01-20,Segunda-feira,20:40,1.8,Preamar
2025-01-05,Domingo,01:55,0.26,Baixa-mar
2025-01-05,Domingo,08:14,2.0,Preamar
2025-01-05,Domingo,14:10,0.41,Baixa-mar
2025-01-05,Domingo,20:34,2.12,Preamar
2025-01-21,Terça-feira,02:46,0.69,Baixa-mar
2025-01-21,Terça-feira,09:08,1.72,Preamar
2025-01-21,Terça-feira,15:08,0.77,Baixa-mar
2025-01-21,Terça-feira,21:29,1.68,Preamar
2025-01-06,Segunda-feira,02:49,0.37,Baixa-mar
2025-01-06,Segunda-feira,09:10,1.93,Preamar
2025-01-06,Segunda-feira,15:12,0.48,Baixa-mar
2025-01-06,Segunda-feira,21:34,2.01,Preamar
2025-01-22,Quarta-feira,03:40,0.79,Baixa-mar
2025-01-22,Quarta-feira,10:06,1.66,Preamar
2025-01-22,Quarta-feira,16:21,0.83,Baixa-mar
2025-01-22,Quarta-feira,22:38,1.6,Preamar
2025-01-07,Terça-feira,03:51,0.47,Baixa-mar
2025-01-07,Terça-feira,10:14,1.88,Preamar
2025-01-07,Terça-feira,16:23,0.52,Baixa-mar
2025-01-07,Terça-feira,22:46,1.93,Preamar
2025-01-23,Quinta-feira,04:55,0.84,Baixa-mar
2025-01-23,Quinta-feira,11:19,1.65,Preamar
2025-01-23,Quinta-feira,17:38,0.82,Baixa-mar
2025-01-08,Quarta-feira,05:02,0.54,Baixa-mar
2025-01-08,Quarta-feira,11:25,1.88,Preamar
2025-01-08,Quarta-feira,17:40,0.52,Baixa-mar
2025-01-24,Sexta-feira,00:01,1.6,Preamar
2025-01-24,Sexta-feira,06:10,0.82,Baixa-mar
2025-01-24,Sexta-feira,12:31,1.72,Preamar
2025-01-24,Sexta-feira,18:59,0.73,Baixa-mar
2025-01-09,Quinta-feira,00:01,1.9,Preamar
2025-01-09,Quinta-feira,06:14,0.55,Baixa-mar
2025-01-09,Quinta-feira,12:36,1.93,Preamar
2025-01-09,Quinta-feira,18:59,0.45,Baixa-mar
2025-01-25,Sábado,01:12,1.67,Preamar
2025-01-25,Sábado,07:19,0.74,Baixa-mar
2025-01-25,Sábado,13:31,1.83,Preamar
2025-01-25,Sábado,19:57,0.59,Baixa-mar
2025-01-10,Sexta-feira,01:14,1.93,Preamar
2025-01-10,Sexta-feira,07:25,0.51,Baixa-mar
2025-01-10,Sexta-feira,13:42,2.01,Preamar
2025-01-10,Sexta-feira,20:02,0.34,Baixa-mar
2025-01-26,Domingo,02:08,1.8,Preamar
2025-01-26,Domingo,08:10,0.62,Baixa-mar
2025-01-26,Domingo,14:23,1.97,Preamar
2025-01-26,Domingo,20:46,0.43,Baixa-mar
2025-01-11,Sábado,02:17,1.99,Preamar
2025-01-11,Sábado,08:21,0.45,Baixa-mar
2025-01-11,Sábado,14:42,2.12,Preamar
2025-01-11,Sábado,20:59,0.23,Baixa-mar
2025-01-27,Segunda-feira,02:59,1.93,Preamar
2025-01-27,Segunda-feira,08:57,0.48,Baixa-mar
2025-01-27,Segunda-feira,15:08,2.13,Preamar
2025-01-27,Segunda-feira,21:25,0.27,Baixa-mar
2025-01-12,Domingo,03:14,2.06,Preamar
2025-01-12,Domingo,09:12,0.37,Baixa-mar
2025-01-12,Domingo,15:32,2.22,Preamar
2025-01-12,Domingo,21:47,0.14,Baixa-mar
2025-01-28,Terça-feira,03:42,2.07,Preamar
2025-01-28,Terça-feira,09:38,0.35,Baixa-mar
2025-01-28,Terça-feira,15:51,2.28,Preamar
2025-01-28,Terça-feira,22:04,0.13,Baixa-mar
2025-01-13,Segunda-feira,04:02,2.11,Preamar
2025-01-13,Segunda-feira,09:59,0.31,Baixa-mar
2025-01-13,Segunda-feira,16:16,2.29,Preamar
2025-01-13,Segunda-feira,22:29,0.09,Baixa-mar
2025-01-29,Quarta-feira,04:21,2.19,Preamar
2025-01-29,Quarta-feira,10:17,0.22,Baixa-mar
2025-01-29,Quarta-feira,16:31,2.41,Preamar
2025-01-29,Quarta-feira,22:46,0.02,Baixa-mar
2025-01-14,Terça-feira,04:47,2.15,Preamar
2025-01-14,Terça-feira,10:40,0.27,Baixa-mar
2025-01-14,Terça-feira,16:59,2.33,Preamar
2025-01-14,Terça-feira,23:10,0.09,Baixa-mar
2025-01-30,Quinta-feira,05:01,2.29,Preamar
2025-01-30,Quinta-feira,10:59,0.13,Baixa-mar
2025-01-30,Quinta-feira,17:10,2.5,Preamar
2025-01-30,Quinta-feira,23:23,-0.03,Baixa-mar
2025-01-15,Quarta-feira,05:23,2.15,Preamar
2025-01-15,Quarta-feira,11:16,0.26,Baixa-mar
2025-01-15,Quarta-feira,17:34,2.32,Preamar
2025-01-15,Quarta-feira,23:47,0.13,Baixa-mar
2025-01-31,Sexta-feira,05:40,2.34,Preamar
2025-01-31,Sexta-feira,11:36,0.08,Baixa-mar
2025-01-31,Sexta-feira,17:51,2.53,Preamar
2025-01-16,Quinta-feira,06:01,2.12,Preamar
2025-01-16,Quinta-feira,11:51,0.29,Baixa-mar
2025-01-16,Quinta-feira,18:08,2.27,Preamar
2025-02-01,Sábado,00:02,-0.03,Baixa-mar
2025-02-01,Sábado,06:17,2.34,Preamar
2025-02-01,Sábado,12:14,0.09,Baixa-mar
2025-02-01,Sábado,18:29,2.49,Preamar
2025-02-17,Segunda-feira,00:46,0.39,Baixa-mar
2025-02-17,Segunda-feira,07:02,2.11,Preamar
2025-02-17,Segunda-feira,12:57,0.46,Baixa-mar
2025-02-17,Segunda-feira,19:16,2.07,Preamar
2025-02-02,Domingo,00:42,0.05,Baixa-mar
2025-02-02,Domingo,06:59,2.29,Preamar
2025-02-02,Domingo,12:57,0.16,Baixa-mar
2025-02-02,Domingo,19:16,2.39,Preamar
2025-02-18,Terça-feira,01:14,0.53,Baixa-mar
2025-02-18,Terça-feira,07:34,1.99,Preamar
2025-02-18,Terça-feira,13:27,0.6,Baixa-mar
2025-02-18,Terça-feira,19:53,1.91,Preamar
2025-02-03,Segunda-feira,01:23,0.18,Baixa-mar
2025-02-03,Segunda-feira,07:44,2.19,Preamar
2025-02-03,Segunda-feira,13:44,0.28,Baixa-mar
2025-02-03,Segunda-feira,20:06,2.23,Preamar
2025-02-19,Quarta-feira,01:49,0.69,Baixa-mar
2025-02-19,Quarta-feira,08:12,1.87,Preamar
2025-02-19,Quarta-feira,14:10,0.75,Baixa-mar
2025-02-19,Quarta-feira,20:38,1.76,Preamar
2025-02-04,Terça-feira,02:10,0.36,Baixa-mar
2025-02-04,Terça-feira,08:34,2.06,Preamar
2025-02-04,Terça-feira,14:38,0.44,Baixa-mar
2025-02-04,Terça-feira,21:02,2.05,Preamar
2025-02-20,Quinta-feira,02:34,0.84,Baixa-mar
2025-02-20,Quinta-feira,09:04,1.75,Preamar
2025-02-20,Quinta-feira,15:19,0.88,Baixa-mar
2025-02-20,Quinta-feira,21:44,1.63,Preamar
2025-02-05,Quarta-feira,03:08,0.55,Baixa-mar
2025-02-05,Quarta-feira,09:36,1.93,Preamar
2025-02-05,Quarta-feira,15:51,0.57,Baixa-mar
2025-02-05,Quarta-feira,22:12,1.88,Preamar
2025-02-21,Sexta-feira,03:47,0.97,Baixa-mar
2025-02-21,Sexta-feira,10:19,1.68,Preamar
2025-02-21,Sexta-feira,16:57,0.93,Baixa-mar
2025-02-21,Sexta-feira,23:19,1.59,Preamar
2025-02-06,Quinta-feira,04:25,0.7,Baixa-mar
2025-02-06,Quinta-feira,10:51,1.85,Preamar
2025-02-06,Quinta-feira,17:17,0.64,Baixa-mar
2025-02-06,Quinta-feira,23:40,1.8,Preamar
2025-02-22,Sábado,05:34,0.98,Baixa-mar
2025-02-22,Sábado,11:55,1.72,Preamar
2025-02-22,Sábado,18:34,0.84,Baixa-mar
2025-02-07,Sexta-feira,05:57,0.76,Baixa-mar
2025-02-07,Sexta-feira,12:16,1.86,Preamar
2025-02-07,Sexta-feira,18:53,0.59,Baixa-mar
2025-02-23,Domingo,00:55,1.68,Preamar
2025-02-23,Domingo,06:57,0.88,Baixa-mar
2025-02-23,Domingo,13:06,1.85,Preamar
2025-02-23,Domingo,19:40,0.67,Baixa-mar
2025-02-08,Sábado,01:08,1.83,Preamar
2025-02-08,Sábado,07:17,0.7,Baixa-mar
2025-02-08,Sábado,13:36,1.97,Preamar
2025-02-08,Sábado,20:01,0.46,Baixa-mar
2025-02-24,Segunda-feira,01:55,1.85,Preamar
2025-02-24,Segunda-feira,07:55,0.71,Baixa-mar
2025-02-24,Segunda-feira,14:04,2.04,Preamar
2025-02-24,Segunda-feira,20:27,0.47,Baixa-mar
2025-02-09,Domingo,02:17,1.93,Preamar
2025-02-09,Domingo,08:17,0.58,Baixa-mar
2025-02-09,Domingo,14:38,2.11,Preamar
2025-02-09,Domingo,20:55,0.32,Baixa-mar
2025-02-25,Terça-feira,02:42,2.03,Preamar
2025-02-25,Terça-feira,08:40,0.52,Baixa-mar
2025-02-25,Terça-feira,14:53,2.24,Preamar
2025-02-25,Terça-feira,21:06,0.28,Baixa-mar
2025-02-10,Segunda-feira,03:10,2.05,Preamar
2025-02-10,Segunda-feira,09:04,0.46,Baixa-mar
2025-02-10,Segunda-feira,15:23,2.25,Preamar
2025-02-10,Segunda-feira,21:36,0.21,Baixa-mar
2025-02-26,Quarta-feira,03:23,2.21,Preamar
2025-02-26,Quarta-feira,09:19,0.34,Baixa-mar
2025-02-26,Quarta-feira,15:32,2.43,Preamar
2025-02-26,Quarta-feira,21:47,0.11,Baixa-mar
2025-02-11,Terça-feira,03:55,2.15,Preamar
2025-02-11,Terça-feira,09:46,0.35,Baixa-mar
2025-02-11,Terça-feira,16:04,2.35,Preamar
2025-02-11,Terça-feira,22:12,0.14,Baixa-mar
2025-02-27,Quinta-feira,04:02,2.37,Preamar
2025-02-27,Quinta-feira,10:01,0.18,Baixa-mar
2025-02-27,Quinta-feira,16:14,2.58,Preamar
2025-02-27,Quinta-feira,22:23,-0.0,Baixa-mar
2025-02-12,Quarta-feira,04:29,2.23,Preamar
2025-02-12,Quarta-feira,10:21,0.27,Baixa-mar
2025-02-12,Quarta-feira,16:40,2.41,Preamar
2025-02-12,Quarta-feira,22:47,0.11,Baixa-mar
2025-02-28,Sexta-feira,04:42,2.49,Preamar
2025-02-28,Sexta-feira,10:40,0.06,Baixa-mar
2025-02-28,Sexta-feira,16:55,2.68,Preamar
2025-02-28,Sexta-feira,23:02,-0.05,Baixa-mar
2025-02-13,Quinta-feira,05:02,2.28,Preamar
2025-02-13,Quinta-feira,10:55,0.22,Baixa-mar
2025-02-13,Quinta-feira,17:12,2.43,Preamar
2025-02-13,Quinta-feira,23:19,0.12,Baixa-mar
2025-02-14,Sexta-feira,05:32,2.29,Preamar
2025-02-14,Sexta-feira,11:25,0.22,Baixa-mar
2025-02-14,Sexta-feira,17:44,2.4,Preamar
2025-02-14,Sexta-feira,23:51,0.18,Baixa-mar
2025-02-15,Sábado,06:02,2.26,Preamar
2025-02-15,Sábado,11:57,0.26,Baixa-mar
2025-02-15,Sábado,18:12,2.33,Preamar
2025-02-16,Domingo,00:17,0.27,Baixa-mar
2025-02-16,Domingo,06:32,2.2,Preamar
2025-02-16,Domingo,12:25,0.34,Baixa-mar
2025-02-16,Domingo,18:44,2.21,Preamar
2025-03-01,Sábado,05:17,2.55,Preamar
2025-03-01,Sábado,11:16,0.01,Baixa-mar
2025-03-01,Sábado,17:31,2.69,Preamar
2025-03-01,Sábado,23:42,-0.02,Baixa-mar
2025-03-17,Segunda-feira,05:57,2.35,Preamar
2025-03-17,Segunda-feira,11:53,0.36,Baixa-mar
2025-03-17,Segunda-feira,18:08,2.3,Preamar
2025-03-02,Domingo,05:57,2.54,Preamar
2025-03-02,Domingo,11:57,0.03,Baixa-mar
2025-03-02,Domingo,18:12,2.62,Preamar
2025-03-18,Terça-feira,00:06,0.44,Baixa-mar
2025-03-18,Terça-feira,06:23,2.27,Preamar
2025-03-18,Terça-feira,12:21,0.47,Baixa-mar
2025-03-18,Terça-feira,18:40,2.16,Preamar
2025-03-03,Segunda-feira,00:17,0.09,Baixa-mar
2025-03-03,Segunda-feira,06:36,2.46,Preamar
2025-03-03,Segunda-feira,12:38,0.14,Baixa-mar
2025-03-03,Segunda-feira,18:57,2.47,Preamar
2025-03-19,Quarta-feira,00:34,0.58,Baixa-mar
2025-03-19,Quarta-feira,06:55,2.15,Preamar
2025-03-19,Quarta-feira,12:55,0.61,Baixa-mar
2025-03-19,Quarta-feira,19:14,2.01,Preamar
2025-03-04,Terça-feira,01:01,0.27,Baixa-mar
2025-03-04,Terça-feira,07:17,2.32,Preamar
2025-03-04,Terça-feira,13:21,0.31,Baixa-mar
2025-03-04,Terça-feira,19:47,2.26,Preamar
2025-03-20,Quinta-feira,01:04,0.73,Baixa-mar
2025-03-20,Quinta-feira,07:29,2.02,Preamar
2025-03-20,Quinta-feira,13:32,0.76,Baixa-mar
2025-03-20,Quinta-feira,19:59,1.85,Preamar
2025-03-05,Quarta-feira,01:46,0.5,Baixa-mar
2025-03-05,Quarta-feira,08:08,2.14,Preamar
2025-03-05,Quarta-feira,14:16,0.53,Baixa-mar
2025-03-05,Quarta-feira,20:44,2.03,Preamar
2025-03-21,Sexta-feira,01:49,0.9,Baixa-mar
2025-03-21,Sexta-feira,08:17,1.89,Preamar
2025-03-21,Sexta-feira,14:32,0.91,Baixa-mar
2025-03-21,Sexta-feira,21:02,1.72,Preamar
2025-03-06,Quinta-feira,02:40,0.74,Baixa-mar
2025-03-06,Quinta-feira,09:08,1.96,Preamar
2025-03-06,Quinta-feira,15:36,0.72,Baixa-mar
2025-03-06,Quinta-feira,21:57,1.83,Preamar
2025-03-22,Sábado,02:59,1.04,Baixa-mar
2025-03-22,Sábado,09:31,1.8,Preamar
2025-03-22,Sábado,16:14,0.97,Baixa-mar
2025-03-22,Sábado,22:42,1.67,Preamar
2025-03-07,Sexta-feira,04:06,0.93,Baixa-mar
2025-03-07,Sexta-feira,10:29,1.84,Preamar
2025-03-07,Sexta-feira,17:16,0.8,Baixa-mar
2025-03-07,Sexta-feira,23:38,1.74,Preamar
2025-03-23,Domingo,04:55,1.07,Baixa-mar
2025-03-23,Domingo,11:10,1.82,Preamar
2025-03-23,Domingo,17:53,0.88,Baixa-mar
2025-03-08,Sábado,05:57,0.96,Baixa-mar
2025-03-08,Sábado,12:12,1.86,Preamar
2025-03-08,Sábado,18:55,0.72,Baixa-mar
2025-03-24,Segunda-feira,00:17,1.77,Preamar
2025-03-24,Segunda-feira,06:17,0.95,Baixa-mar
2025-03-24,Segunda-feira,12:31,1.96,Preamar
2025-03-24,Segunda-feira,19:02,0.7,Baixa-mar
2025-03-09,Domingo,01:14,1.83,Preamar
2025-03-09,Domingo,07:19,0.86,Baixa-mar
2025-03-09,Domingo,13:34,1.99,Preamar
2025-03-09,Domingo,19:57,0.58,Baixa-mar
2025-03-25,Terça-feira,01:21,1.97,Preamar
2025-03-25,Terça-feira,07:21,0.76,Baixa-mar
2025-03-25,Terça-feira,13:32,2.16,Preamar
2025-03-25,Terça-feira,19:55,0.49,Baixa-mar
2025-03-10,Segunda-feira,02:14,1.97,Preamar
2025-03-10,Segunda-feira,08:10,0.71,Baixa-mar
2025-03-10,Segunda-feira,14:31,2.15,Preamar
2025-03-10,Segunda-feira,20:44,0.44,Baixa-mar
2025-03-26,Quarta-feira,02:10,2.17,Preamar
2025-03-26,Quarta-feira,08:08,0.54,Baixa-mar
2025-03-26,Quarta-feira,14:21,2.38,Preamar
2025-03-26,Quarta-feira,20:38,0.3,Baixa-mar
2025-03-11,Terça-feira,02:59,2.1,Preamar
2025-03-11,Terça-feira,08:51,0.57,Baixa-mar
2025-03-11,Terça-feira,15:08,2.28,Preamar
2025-03-11,Terça-feira,21:16,0.34,Baixa-mar
2025-03-27,Quinta-feira,02:55,2.37,Preamar
2025-03-27,Quinta-feira,08:55,0.33,Baixa-mar
2025-03-27,Quinta-feira,15:06,2.57,Preamar
2025-03-27,Quinta-feira,21:17,0.14,Baixa-mar
2025-03-12,Quarta-feira,03:36,2.21,Preamar
2025-03-12,Quarta-feira,09:25,0.45,Baixa-mar
2025-03-12,Quarta-feira,15:44,2.38,Preamar
2025-03-12,Quarta-feira,21:49,0.27,Baixa-mar
2025-03-28,Sexta-feira,03:36,2.53,Preamar
2025-03-28,Sexta-feira,09:36,0.16,Baixa-mar
2025-03-28,Sexta-feira,15:51,2.71,Preamar
2025-03-28,Sexta-feira,21:59,0.03,Baixa-mar
2025-03-13,Quinta-feira,04:04,2.3,Preamar
2025-03-13,Quinta-feira,09:57,0.35,Baixa-mar
2025-03-13,Quinta-feira,16:14,2.45,Preamar
2025-03-13,Quinta-feira,22:17,0.24,Baixa-mar
2025-03-29,Sábado,04:16,2.65,Preamar
2025-03-29,Sábado,10:16,0.04,Baixa-mar
2025-03-29,Sábado,16:32,2.78,Preamar
2025-03-29,Sábado,22:40,0.01,Baixa-mar
2025-03-14,Sexta-feira,04:32,2.37,Preamar
2025-03-14,Sexta-feira,10:27,0.29,Baixa-mar
2025-03-14,Sexta-feira,16:46,2.47,Preamar
2025-03-14,Sexta-feira,22:47,0.23,Baixa-mar
2025-03-30,Domingo,04:57,2.7,Preamar
2025-03-30,Domingo,10:59,-0.0,Baixa-mar
2025-03-30,Domingo,17:14,2.77,Preamar
2025-03-30,Domingo,23:19,0.07,Baixa-mar
2025-03-15,Sábado,05:01,2.4,Preamar
2025-03-15,Sábado,10:57,0.26,Baixa-mar
2025-03-15,Sábado,17:12,2.46,Preamar
2025-03-15,Sábado,23:14,0.27,Baixa-mar
2025-03-31,Segunda-feira,05:36,2.67,Preamar
2025-03-31,Segunda-feira,11:40,0.06,Baixa-mar
2025-03-31,Segunda-feira,17:59,2.67,Preamar
2025-03-16,Domingo,05:27,2.39,Preamar
2025-03-16,Domingo,11:23,0.29,Baixa-mar
2025-03-16,Domingo,17:42,2.39,Preamar
2025-03-16,Domingo,23:42,0.34,Baixa-mar
2025-04-01,Terça-feira,00:01,0.2,Baixa-mar
2025-04-01,Terça-feira,06:17,2.57,Preamar
2025-04-01,Terça-feira,12:23,0.19,Baixa-mar
2025-04-01,Terça-feira,18:44,2.49,Preamar
2025-04-17,Quinta-feira,00:04,0.68,Baixa-mar
2025-04-17,Quinta-feira,06:23,2.21,Preamar
2025-04-17,Quinta-feira,12:29,0.66,Baixa-mar
2025-04-17,Quinta-feira,18:49,2.02,Preamar
2025-04-02,Quarta-feira,00:44,0.41,Baixa-mar
2025-04-02,Quarta-feira,07:02,2.41,Preamar
2025-04-02,Quarta-feira,13:12,0.39,Baixa-mar
2025-04-02,Quarta-feira,19:36,2.26,Preamar
2025-04-18,Sexta-feira,00:38,0.81,Baixa-mar
2025-04-18,Sexta-feira,07:01,2.11,Preamar
2025-04-18,Sexta-feira,13:10,0.78,Baixa-mar
2025-04-18,Sexta-feira,19:36,1.9,Preamar
2025-04-03,Quinta-feira,01:29,0.65,Baixa-mar
2025-04-03,Quinta-feira,07:53,2.21,Preamar
2025-04-03,Quinta-feira,14:12,0.61,Baixa-mar
2025-04-03,Quinta-feira,20:36,2.02,Preamar
2025-04-19,Sábado,01:21,0.94,Baixa-mar
2025-04-19,Sábado,07:49,2.0,Preamar
2025-04-19,Sábado,14:10,0.89,Baixa-mar
2025-04-19,Sábado,20:38,1.8,Preamar
2025-04-04,Sexta-feira,02:29,0.88,Baixa-mar
2025-04-04,Sexta-feira,08:59,2.03,Preamar
2025-04-04,Sexta-feira,15:40,0.79,Baixa-mar
2025-04-04,Sexta-feira,21:55,1.84,Preamar
2025-04-20,Domingo,02:27,1.05,Baixa-mar
2025-04-20,Domingo,09:01,1.93,Preamar
2025-04-20,Domingo,15:42,0.93,Baixa-mar
2025-04-20,Domingo,22:04,1.77,Preamar
2025-04-05,Sábado,04:06,1.04,Baixa-mar
2025-04-05,Sábado,10:23,1.91,Preamar
2025-04-05,Sábado,17:16,0.84,Baixa-mar
2025-04-05,Sábado,23:40,1.8,Preamar
2025-04-21,Segunda-feira,04:10,1.07,Baixa-mar
2025-04-21,Segunda-feira,10:25,1.94,Preamar
2025-04-21,Segunda-feira,17:04,0.86,Baixa-mar
2025-04-21,Segunda-feira,23:34,1.86,Preamar
2025-04-06,Domingo,05:49,1.04,Baixa-mar
2025-04-06,Domingo,12:04,1.94,Preamar
2025-04-06,Domingo,18:44,0.76,Baixa-mar
2025-04-22,Terça-feira,05:31,0.95,Baixa-mar
2025-04-22,Terça-feira,11:47,2.05,Preamar
2025-04-22,Terça-feira,18:16,0.71,Baixa-mar
2025-04-07,Segunda-feira,01:04,1.9,Preamar
2025-04-07,Segunda-feira,07:04,0.92,Baixa-mar
2025-04-07,Segunda-feira,13:19,2.05,Preamar
2025-04-07,Segunda-feira,19:40,0.65,Baixa-mar
2025-04-23,Quarta-feira,00:40,2.04,Preamar
2025-04-23,Quarta-feira,06:38,0.77,Baixa-mar
2025-04-23,Quarta-feira,12:51,2.23,Preamar
2025-04-23,Quarta-feira,19:10,0.54,Baixa-mar
2025-04-08,Terça-feira,01:57,2.03,Preamar
2025-04-08,Terça-feira,07:53,0.78,Baixa-mar
2025-04-08,Terça-feira,14:08,2.18,Preamar
2025-04-08,Terça-feira,20:17,0.56,Baixa-mar
2025-04-24,Quinta-feira,01:29,2.23,Preamar
2025-04-24,Quinta-feira,07:32,0.56,Baixa-mar
2025-04-24,Quinta-feira,13:46,2.41,Preamar
2025-04-24,Quinta-feira,20:01,0.37,Baixa-mar
2025-04-09,Quarta-feira,02:36,2.15,Preamar
2025-04-09,Quarta-feira,08:29,0.66,Baixa-mar
2025-04-09,Quarta-feira,14:47,2.28,Preamar
2025-04-09,Quarta-feira,20:53,0.48,Baixa-mar
2025-04-25,Sexta-feira,02:16,2.41,Preamar
2025-04-25,Sexta-feira,08:19,0.36,Baixa-mar
2025-04-25,Sexta-feira,14:34,2.57,Preamar
2025-04-25,Sexta-feira,20:47,0.24,Baixa-mar
2025-04-10,Quinta-feira,03:08,2.25,Preamar
2025-04-10,Quinta-feira,09:01,0.55,Baixa-mar
2025-04-10,Quinta-feira,15:17,2.35,Preamar
2025-04-10,Quinta-feira,21:19,0.43,Baixa-mar
2025-04-26,Sábado,03:02,2.56,Preamar
2025-04-26,Sábado,09:06,0.2,Baixa-mar
2025-04-26,Sábado,15:21,2.68,Preamar
2025-04-26,Sábado,21:29,0.16,Baixa-mar
2025-04-11,Sexta-feira,03:36,2.33,Preamar
2025-04-11,Sexta-feira,09:31,0.46,Baixa-mar
2025-04-11,Sexta-feira,15:49,2.39,Preamar
2025-04-11,Sexta-feira,21:49,0.41,Baixa-mar
2025-04-27,Domingo,03:47,2.67,Preamar
2025-04-27,Domingo,09:55,0.1,Baixa-mar
2025-04-27,Domingo,16:08,2.72,Preamar
2025-04-27,Domingo,22:12,0.15,Baixa-mar
2025-04-12,Sábado,04:02,2.39,Preamar
2025-04-12,Sábado,10:01,0.41,Baixa-mar
2025-04-12,Sábado,16:16,2.41,Preamar
2025-04-12,Sábado,22:14,0.4,Baixa-mar
2025-04-28,Segunda-feira,04:31,2.71,Preamar
2025-04-28,Segunda-feira,10:40,0.07,Baixa-mar
2025-04-28,Segunda-feira,16:57,2.7,Preamar
2025-04-28,Segunda-feira,22:59,0.21,Baixa-mar
2025-04-13,Domingo,04:29,2.41,Preamar
2025-04-13,Domingo,10:29,0.39,Baixa-mar
2025-04-13,Domingo,16:46,2.39,Preamar
2025-04-13,Domingo,22:44,0.43,Baixa-mar
2025-04-29,Terça-feira,05:16,2.69,Preamar
2025-04-29,Terça-feira,11:23,0.12,Baixa-mar
2025-04-29,Terça-feira,17:44,2.59,Preamar
2025-04-29,Terça-feira,23:44,0.33,Baixa-mar
2025-04-14,Segunda-feira,04:59,2.41,Preamar
2025-04-14,Segunda-feira,10:59,0.41,Baixa-mar
2025-04-14,Segunda-feira,17:12,2.34,Preamar
2025-04-14,Segunda-feira,23:10,0.49,Baixa-mar
2025-04-30,Quarta-feira,06:01,2.6,Preamar
2025-04-30,Quarta-feira,12:12,0.24,Baixa-mar
2025-04-30,Quarta-feira,18:32,2.43,Preamar
2025-04-15,Terça-feira,05:25,2.37,Preamar
2025-04-15,Terça-feira,11:25,0.47,Baixa-mar
2025-04-15,Terça-feira,17:44,2.25,Preamar
2025-04-15,Terça-feira,23:38,0.57,Baixa-mar
2025-04-16,Quarta-feira,05:55,2.31,Preamar
2025-04-16,Quarta-feira,11:57,0.55,Baixa-mar
2025-04-16,Quarta-feira,18:12,2.15,Preamar
2025-05-01,Quinta-feira,00:27,0.5,Baixa-mar
2025-05-01,Quinta-feira,06:47,2.46,Preamar
2025-05-01,Quinta-feira,13:04,0.41,Baixa-mar
2025-05-01,Quinta-feira,19:25,2.24,Preamar
2025-05-17,Sábado,00:32,0.82,Baixa-mar
2025-05-17,Sábado,06:53,2.16,Preamar
2025-05-17,Sábado,13:08,0.73,Baixa-mar
2025-05-17,Sábado,19:32,1.94,Preamar
2025-05-02,Sexta-feira,01:17,0.7,Baixa-mar
2025-05-02,Sexta-feira,07:42,2.29,Preamar
2025-05-02,Sexta-feira,14:06,0.6,Baixa-mar
2025-05-02,Sexta-feira,20:25,2.06,Preamar
2025-05-18,Domingo,01:19,0.9,Baixa-mar
2025-05-18,Domingo,07:40,2.09,Preamar
2025-05-18,Domingo,14:06,0.79,Baixa-mar
2025-05-18,Domingo,20:29,1.88,Preamar
2025-05-03,Sábado,02:19,0.88,Baixa-mar
2025-05-03,Sábado,08:47,2.13,Preamar
2025-05-03,Sábado,15:23,0.75,Baixa-mar
2025-05-03,Sábado,21:36,1.92,Preamar
2025-05-19,Segunda-feira,02:19,0.96,Baixa-mar
2025-05-19,Segunda-feira,08:44,2.04,Preamar
2025-05-19,Segunda-feira,15:14,0.81,Baixa-mar
2025-05-19,Segunda-feira,21:38,1.88,Preamar
2025-05-04,Domingo,03:46,1.0,Baixa-mar
2025-05-04,Domingo,09:59,2.02,Preamar
2025-05-04,Domingo,16:44,0.81,Baixa-mar
2025-05-04,Domingo,23:01,1.87,Preamar
2025-05-20,Terça-feira,03:38,0.96,Baixa-mar
2025-05-20,Terça-feira,09:53,2.05,Preamar
2025-05-20,Terça-feira,16:23,0.77,Baixa-mar
2025-05-20,Terça-feira,22:51,1.94,Preamar
2025-05-05,Segunda-feira,05:06,1.01,Baixa-mar
2025-05-05,Segunda-feira,11:21,2.0,Preamar
2025-05-05,Segunda-feira,17:59,0.78,Baixa-mar
2025-05-21,Quarta-feira,04:53,0.88,Baixa-mar
2025-05-21,Quarta-feira,11:04,2.11,Preamar
2025-05-21,Quarta-feira,17:31,0.69,Baixa-mar
2025-05-21,Quarta-feira,23:57,2.05,Preamar
2025-05-06,Terça-feira,00:16,1.93,Preamar
2025-05-06,Terça-feira,06:17,0.94,Baixa-mar
2025-05-06,Terça-feira,12:32,2.05,Preamar
2025-05-06,Terça-feira,18:55,0.72,Baixa-mar
2025-05-22,Quinta-feira,05:57,0.75,Baixa-mar
2025-05-22,Quinta-feira,12:10,2.21,Preamar
2025-05-22,Quinta-feira,18:31,0.58,Baixa-mar
2025-05-07,Quarta-feira,01:10,2.03,Preamar
2025-05-07,Quarta-feira,07:12,0.83,Baixa-mar
2025-05-07,Quarta-feira,13:27,2.13,Preamar
2025-05-07,Quarta-feira,19:40,0.66,Baixa-mar
2025-05-23,Sexta-feira,00:55,2.2,Preamar
2025-05-23,Sexta-feira,06:57,0.59,Baixa-mar
2025-05-23,Sexta-feira,13:12,2.32,Preamar
2025-05-23,Sexta-feira,19:25,0.48,Baixa-mar
2025-05-08,Quinta-feira,01:53,2.13,Preamar
2025-05-08,Quinta-feira,07:55,0.72,Baixa-mar
2025-05-08,Quinta-feira,14:08,2.2,Preamar
2025-05-08,Quinta-feira,20:14,0.6,Baixa-mar
2025-05-24,Sábado,01:44,2.34,Preamar
2025-05-24,Sábado,07:53,0.44,Baixa-mar
2025-05-24,Sábado,14:06,2.43,Preamar
2025-05-24,Sábado,20:16,0.39,Baixa-mar
2025-05-09,Sexta-feira,02:29,2.22,Preamar
2025-05-09,Sexta-feira,08:29,0.62,Baixa-mar
2025-05-09,Sexta-feira,14:46,2.25,Preamar
2025-05-09,Sexta-feira,20:47,0.56,Baixa-mar
2025-05-25,Domingo,02:36,2.45,Preamar
2025-05-25,Domingo,08:47,0.31,Baixa-mar
2025-05-25,Domingo,15:01,2.49,Preamar
2025-05-25,Domingo,21:04,0.34,Baixa-mar
2025-05-10,Sábado,03:02,2.29,Preamar
2025-05-10,Sábado,09:02,0.55,Baixa-mar
2025-05-10,Sábado,15:17,2.28,Preamar
2025-05-10,Sábado,21:16,0.53,Baixa-mar
2025-05-26,Segunda-feira,03:25,2.54,Preamar
2025-05-26,Segunda-feira,09:36,0.22,Baixa-mar
2025-05-26,Segunda-feira,15:53,2.52,Preamar
2025-05-26,Segunda-feira,21:55,0.33,Baixa-mar
2025-05-11,Domingo,03:32,2.34,Preamar
2025-05-11,Domingo,09:36,0.5,Baixa-mar
2025-05-11,Domingo,15:51,2.29,Preamar
2025-05-11,Domingo,21:47,0.53,Baixa-mar
2025-05-27,Terça-feira,04:12,2.59,Preamar
2025-05-27,Terça-feira,10:23,0.18,Baixa-mar
2025-05-27,Terça-feira,16:44,2.5,Preamar
2025-05-27,Terça-feira,22:42,0.36,Baixa-mar
2025-05-12,Segunda-feira,04:04,2.37,Preamar
2025-05-12,Segunda-feira,10:08,0.48,Baixa-mar
2025-05-12,Segunda-feira,16:23,2.28,Preamar
2025-05-12,Segunda-feira,22:17,0.55,Baixa-mar
2025-05-28,Quarta-feira,05:01,2.59,Preamar
2025-05-28,Quarta-feira,11:14,0.2,Baixa-mar
2025-05-28,Quarta-feira,17:31,2.43,Preamar
2025-05-28,Quarta-feira,23:29,0.43,Baixa-mar
2025-05-13,Terça-feira,04:36,2.37,Preamar
2025-05-13,Terça-feira,10:42,0.49,Baixa-mar
2025-05-13,Terça-feira,16:57,2.24,Preamar
2025-05-13,Terça-feira,22:51,0.59,Baixa-mar
2025-05-29,Quinta-feira,05:49,2.54,Preamar
2025-05-29,Quinta-feira,12:04,0.28,Baixa-mar
2025-05-29,Quinta-feira,18:21,2.33,Preamar
2025-05-14,Quarta-feira,05:06,2.34,Preamar
2025-05-14,Quarta-feira,11:12,0.52,Baixa-mar
2025-05-14,Quarta-feira,17:29,2.18,Preamar
2025-05-14,Quarta-feira,23:21,0.66,Baixa-mar
2025-05-30,Sexta-feira,00:14,0.53,Baixa-mar
2025-05-30,Sexta-feira,06:34,2.45,Preamar
2025-05-30,Sexta-feira,12:57,0.39,Baixa-mar
2025-05-30,Sexta-feira,19:12,2.21,Preamar
2025-05-15,Quinta-feira,05:40,2.29,Preamar
2025-05-15,Quinta-feira,11:49,0.58,Baixa-mar
2025-05-15,Quinta-feira,18:04,2.1,Preamar
2025-05-15,Quinta-feira,23:57,0.73,Baixa-mar
2025-05-31,Sábado,01:02,0.66,Baixa-mar
2025-05-31,Sábado,07:25,2.32,Preamar
2025-05-31,Sábado,13:49,0.54,Baixa-mar
2025-05-31,Sábado,20:04,2.08,Preamar
2025-05-16,Sexta-feira,06:12,2.23,Preamar
2025-05-16,Sexta-feira,12:25,0.65,Baixa-mar
2025-05-16,Sexta-feira,18:46,2.02,Preamar
2025-06-01,Domingo,01:57,0.79,Baixa-mar
2025-06-01,Domingo,08:19,2.19,Preamar
2025-06-01,Domingo,14:49,0.66,Baixa-mar
2025-06-01,Domingo,21:01,1.97,Preamar
2025-06-17,Terça-feira,02:06,0.74,Baixa-mar
2025-06-17,Terça-feira,08:27,2.2,Preamar
2025-06-17,Terça-feira,14:49,0.62,Baixa-mar
2025-06-17,Terça-feira,21:10,2.01,Preamar
2025-06-02,Segunda-feira,02:57,0.9,Baixa-mar
2025-06-02,Segunda-feira,09:16,2.08,Preamar
2025-06-02,Segunda-feira,15:53,0.76,Baixa-mar
2025-06-02,Segunda-feira,22:02,1.9,Preamar
2025-06-18,Quarta-feira,03:06,0.76,Baixa-mar
2025-06-18,Quarta-feira,09:27,2.16,Preamar
2025-06-18,Quarta-feira,15:49,0.64,Baixa-mar
2025-06-18,Quarta-feira,22:10,2.02,Preamar
2025-06-03,Terça-feira,04:06,0.94,Baixa-mar
2025-06-03,Terça-feira,10:19,2.0,Preamar
2025-06-03,Terça-feira,16:55,0.81,Baixa-mar
2025-06-03,Terça-feira,23:06,1.9,Preamar
2025-06-19,Quinta-feira,04:14,0.75,Baixa-mar
2025-06-19,Quinta-feira,10:32,2.14,Preamar
2025-06-19,Quinta-feira,16:51,0.65,Baixa-mar
2025-06-19,Quinta-feira,23:16,2.06,Preamar
2025-06-04,Quarta-feira,05:10,0.93,Baixa-mar
2025-06-04,Quarta-feira,11:25,1.97,Preamar
2025-06-04,Quarta-feira,17:53,0.8,Baixa-mar
2025-06-20,Sexta-feira,05:21,0.69,Baixa-mar
2025-06-20,Sexta-feira,11:42,2.15,Preamar
2025-06-20,Sexta-feira,17:57,0.63,Baixa-mar
2025-06-05,Quinta-feira,00:06,1.94,Preamar
2025-06-05,Quinta-feira,06:10,0.88,Baixa-mar
2025-06-05,Quinta-feira,12:25,1.99,Preamar
2025-06-05,Quinta-feira,18:42,0.77,Baixa-mar
2025-06-21,Sábado,00:19,2.14,Preamar
2025-06-21,Sábado,06:31,0.61,Baixa-mar
2025-06-21,Sábado,12:49,2.19,Preamar
2025-06-21,Sábado,19:01,0.59,Baixa-mar
2025-06-06,Sexta-feira,00:57,2.02,Preamar
2025-06-06,Sexta-feira,07:04,0.8,Baixa-mar
2025-06-06,Sexta-feira,13:17,2.03,Preamar
2025-06-06,Sexta-feira,19:27,0.73,Baixa-mar
2025-06-22,Domingo,01:19,2.23,Preamar
2025-06-22,Domingo,07:38,0.5,Baixa-mar
2025-06-22,Domingo,13:53,2.24,Preamar
2025-06-22,Domingo,20:01,0.53,Baixa-mar
2025-06-07,Sábado,01:40,2.09,Preamar
2025-06-07,Sábado,07:51,0.72,Baixa-mar
2025-06-07,Sábado,14:02,2.07,Preamar
2025-06-07,Sábado,20:06,0.68,Baixa-mar
2025-06-23,Segunda-feira,02:19,2.32,Preamar
2025-06-23,Segunda-feira,08:36,0.39,Baixa-mar
2025-06-23,Segunda-feira,14:51,2.29,Preamar
2025-06-23,Segunda-feira,20:57,0.48,Baixa-mar
2025-06-08,Domingo,02:21,2.17,Preamar
2025-06-08,Domingo,08:32,0.64,Baixa-mar
2025-06-08,Domingo,14:44,2.11,Preamar
2025-06-08,Domingo,20:46,0.64,Baixa-mar
2025-06-24,Terça-feira,03:14,2.41,Preamar
2025-06-24,Terça-feira,09:31,0.3,Baixa-mar
2025-06-24,Terça-feira,15:47,2.33,Preamar
2025-06-24,Terça-feira,21:47,0.44,Baixa-mar
2025-06-09,Segunda-feira,03:01,2.24,Preamar
2025-06-09,Segunda-feira,09:10,0.57,Baixa-mar
2025-06-09,Segunda-feira,15:23,2.15,Preamar
2025-06-09,Segunda-feira,21:21,0.6,Baixa-mar
2025-06-25,Quarta-feira,04:06,2.49,Preamar
2025-06-25,Quarta-feira,10:19,0.23,Baixa-mar
2025-06-25,Quarta-feira,16:40,2.35,Preamar
2025-06-25,Quarta-feira,22:34,0.42,Baixa-mar
2025-06-10,Terça-feira,03:40,2.29,Preamar
2025-06-10,Terça-feira,09:51,0.51,Baixa-mar
2025-06-10,Terça-feira,16:04,2.17,Preamar
2025-06-10,Terça-feira,22:01,0.59,Baixa-mar
2025-06-26,Quinta-feira,04:55,2.52,Preamar
2025-06-26,Quinta-feira,11:10,0.22,Baixa-mar
2025-06-26,Quinta-feira,17:27,2.34,Preamar
2025-06-26,Quinta-feira,23:19,0.43,Baixa-mar
2025-06-11,Quarta-feira,04:14,2.32,Preamar
2025-06-11,Quarta-feira,10:25,0.48,Baixa-mar
2025-06-11,Quarta-feira,16:44,2.18,Preamar
2025-06-11,Quarta-feira,22:38,0.59,Baixa-mar
2025-06-27,Sexta-feira,05:42,2.51,Preamar
2025-06-27,Sexta-feira,11:57,0.25,Baixa-mar
2025-06-27,Sexta-feira,18:12,2.29,Preamar
2025-06-12,Quinta-feira,04:53,2.34,Preamar
2025-06-12,Quinta-feira,11:04,0.46,Baixa-mar
2025-06-12,Quinta-feira,17:19,2.17,Preamar
2025-06-12,Quinta-feira,23:14,0.6,Baixa-mar
2025-06-28,Sábado,00:02,0.48,Baixa-mar
2025-06-28,Sábado,06:23,2.46,Preamar
2025-06-28,Sábado,12:42,0.34,Baixa-mar
2025-06-28,Sábado,18:57,2.22,Preamar
2025-06-13,Sexta-feira,05:29,2.34,Preamar
2025-06-13,Sexta-feira,11:44,0.47,Baixa-mar
2025-06-13,Sexta-feira,18:01,2.14,Preamar
2025-06-13,Sexta-feira,23:53,0.63,Baixa-mar
2025-06-29,Domingo,00:46,0.56,Baixa-mar
2025-06-29,Domingo,07:06,2.36,Preamar
2025-06-29,Domingo,13:23,0.45,Baixa-mar
2025-06-29,Domingo,19:40,2.12,Preamar
2025-06-14,Sábado,06:06,2.32,Preamar
2025-06-14,Sábado,12:23,0.49,Baixa-mar
2025-06-14,Sábado,18:42,2.11,Preamar
2025-06-30,Segunda-feira,01:27,0.66,Baixa-mar
2025-06-30,Segunda-feira,07:51,2.24,Preamar
2025-06-30,Segunda-feira,14:08,0.59,Baixa-mar
2025-06-30,Segunda-feira,20:21,2.02,Preamar
2025-06-15,Domingo,00:31,0.67,Baixa-mar
2025-06-15,Domingo,06:47,2.29,Preamar
2025-06-15,Domingo,13:04,0.53,Baixa-mar
2025-06-15,Domingo,19:25,2.07,Preamar
2025-06-16,Segunda-feira,01:16,0.71,Baixa-mar
2025-06-16,Segunda-feira,07:32,2.24,Preamar
2025-06-16,Segunda-feira,13:55,0.57,Baixa-mar
2025-06-16,Segunda-feira,20:14,2.03,Preamar
2025-07-01,Terça-feira,02:12,0.76,Baixa-mar
2025-07-01,Terça-feira,08:36,2.11,Preamar
2025-07-01,Terça-feira,14:55,0.71,Baixa-mar
2025-07-01,Terça-feira,21:06,1.94,Preamar
2025-07-17,Quinta-feira,02:34,0.59,Baixa-mar
2025-07-17,Quinta-feira,08:59,2.23,Preamar
2025-07-17,Quinta-feira,15:08,0.58,Baixa-mar
2025-07-17,Quinta-feira,21:34,2.08,Preamar
2025-07-02,Quarta-feira,03:04,0.86,Baixa-mar
2025-07-02,Quarta-feira,09:21,1.98,Preamar
2025-07-02,Quarta-feira,15:46,0.81,Baixa-mar
2025-07-02,Quarta-feira,21:59,1.87,Preamar
2025-07-18,Sexta-feira,03:42,0.66,Baixa-mar
2025-07-18,Sexta-feira,10:01,2.13,Preamar
2025-07-18,Sexta-feira,16:14,0.67,Baixa-mar
2025-07-18,Sexta-feira,22:40,2.04,Preamar
2025-07-03,Quinta-feira,04:04,0.92,Baixa-mar
2025-07-03,Quinta-feira,10:17,1.89,Preamar
2025-07-03,Quinta-feira,16:42,0.88,Baixa-mar
2025-07-03,Quinta-feira,22:57,1.85,Preamar
2025-07-19,Sábado,04:55,0.68,Baixa-mar
2025-07-19,Sábado,11:12,2.06,Preamar
2025-07-19,Sábado,17:31,0.72,Baixa-mar
2025-07-19,Sábado,23:55,2.06,Preamar
2025-07-04,Sexta-feira,05:06,0.93,Baixa-mar
2025-07-04,Sexta-feira,11:21,1.83,Preamar
2025-07-04,Sexta-feira,17:42,0.89,Baixa-mar
2025-07-20,Domingo,06:14,0.65,Baixa-mar
2025-07-20,Domingo,12:32,2.05,Preamar
2025-07-20,Domingo,18:46,0.71,Baixa-mar
2025-07-05,Sábado,00:01,1.88,Preamar
2025-07-05,Sábado,06:14,0.9,Baixa-mar
2025-07-05,Sábado,12:27,1.84,Preamar
2025-07-05,Sábado,18:38,0.87,Baixa-mar
2025-07-21,Segunda-feira,01:04,2.13,Preamar
2025-07-21,Segunda-feira,07:31,0.56,Baixa-mar
2025-07-21,Segunda-feira,13:47,2.1,Preamar
2025-07-21,Segunda-feira,19:55,0.64,Baixa-mar
2025-07-06,Domingo,00:57,1.94,Preamar
2025-07-06,Domingo,07:16,0.83,Baixa-mar
2025-07-06,Domingo,13:25,1.88,Preamar
2025-07-06,Domingo,19:32,0.81,Baixa-mar
2025-07-22,Terça-feira,02:12,2.24,Preamar
2025-07-22,Terça-feira,08:34,0.43,Baixa-mar
2025-07-22,Terça-feira,14:49,2.18,Preamar
2025-07-22,Terça-feira,20:51,0.54,Baixa-mar
2025-07-07,Segunda-feira,01:47,2.02,Preamar
2025-07-07,Segunda-feira,08:06,0.73,Baixa-mar
2025-07-07,Segunda-feira,14:16,1.95,Preamar
2025-07-07,Segunda-feira,20:19,0.74,Baixa-mar
2025-07-23,Quarta-feira,03:10,2.37,Preamar
2025-07-23,Quarta-feira,09:25,0.3,Baixa-mar
2025-07-23,Quarta-feira,15:46,2.27,Preamar
2025-07-23,Quarta-feira,21:40,0.45,Baixa-mar
2025-07-08,Terça-feira,02:34,2.11,Preamar
2025-07-08,Terça-feira,08:53,0.63,Baixa-mar
2025-07-08,Terça-feira,15:04,2.02,Preamar
2025-07-08,Terça-feira,21:02,0.67,Baixa-mar
2025-07-24,Quinta-feira,04:01,2.47,Preamar
2025-07-24,Quinta-feira,10:12,0.22,Baixa-mar
2025-07-24,Quinta-feira,16:31,2.33,Preamar
2025-07-24,Quinta-feira,22:25,0.39,Baixa-mar
2025-07-09,Quarta-feira,03:17,2.21,Preamar
2025-07-09,Quarta-feira,09:34,0.53,Baixa-mar
2025-07-09,Quarta-feira,15:47,2.1,Preamar
2025-07-09,Quarta-feira,21:42,0.6,Baixa-mar
2025-07-25,Sexta-feira,04:46,2.54,Preamar
2025-07-25,Sexta-feira,10:59,0.18,Baixa-mar
2025-07-25,Sexta-feira,17:12,2.36,Preamar
2025-07-25,Sexta-feira,23:04,0.35,Baixa-mar
2025-07-10,Quinta-feira,03:59,2.3,Preamar
2025-07-10,Quinta-feira,10:10,0.43,Baixa-mar
2025-07-10,Quinta-feira,16:27,2.17,Preamar
2025-07-10,Quinta-feira,22:21,0.53,Baixa-mar
2025-07-26,Sábado,05:25,2.56,Preamar
2025-07-26,Sábado,11:38,0.2,Baixa-mar
2025-07-26,Sábado,17:53,2.35,Preamar
2025-07-26,Sábado,23:44,0.36,Baixa-mar
2025-07-11,Sexta-feira,04:36,2.37,Preamar
2025-07-11,Sexta-feira,10:51,0.36,Baixa-mar
2025-07-11,Sexta-feira,17:06,2.22,Preamar
2025-07-11,Sexta-feira,23:01,0.48,Baixa-mar
2025-07-27,Domingo,06:02,2.52,Preamar
2025-07-27,Domingo,12:14,0.26,Baixa-mar
2025-07-27,Domingo,18:29,2.3,Preamar
2025-07-12,Sábado,05:12,2.43,Preamar
2025-07-12,Sábado,11:27,0.31,Baixa-mar
2025-07-12,Sábado,17:44,2.25,Preamar
2025-07-12,Sábado,23:38,0.45,Baixa-mar
2025-07-28,Segunda-feira,00:19,0.42,Baixa-mar
2025-07-28,Segunda-feira,06:40,2.43,Preamar
2025-07-28,Segunda-feira,12:51,0.37,Baixa-mar
2025-07-28,Segunda-feira,19:04,2.22,Preamar
2025-07-13,Domingo,05:51,2.46,Preamar
2025-07-13,Domingo,12:06,0.3,Baixa-mar
2025-07-13,Domingo,18:21,2.26,Preamar
2025-07-29,Terça-feira,00:55,0.51,Baixa-mar
2025-07-29,Terça-feira,07:16,2.3,Preamar
2025-07-29,Terça-feira,13:23,0.51,Baixa-mar
2025-07-29,Terça-feira,19:40,2.12,Preamar
2025-07-14,Segunda-feira,00:14,0.44,Baixa-mar
2025-07-14,Segunda-feira,06:29,2.45,Preamar
2025-07-14,Segunda-feira,12:46,0.32,Baixa-mar
2025-07-14,Segunda-feira,19:02,2.24,Preamar
2025-07-30,Quarta-feira,01:31,0.63,Baixa-mar
2025-07-30,Quarta-feira,07:55,2.15,Preamar
2025-07-30,Quarta-feira,14:01,0.66,Baixa-mar
2025-07-30,Quarta-feira,20:17,2.01,Preamar
2025-07-15,Terça-feira,00:57,0.47,Baixa-mar
2025-07-15,Terça-feira,07:14,2.41,Preamar
2025-07-15,Terça-feira,13:27,0.38,Baixa-mar
2025-07-15,Terça-feira,19:46,2.2,Preamar
2025-07-31,Quinta-feira,02:10,0.77,Baixa-mar
2025-07-31,Quinta-feira,08:36,1.99,Preamar
2025-07-31,Quinta-feira,14:42,0.8,Baixa-mar
2025-07-31,Quinta-feira,21:02,1.9,Preamar
2025-07-16,Quarta-feira,01:44,0.52,Baixa-mar
2025-07-16,Quarta-feira,08:02,2.33,Preamar
2025-07-16,Quarta-feira,14:14,0.47,Baixa-mar
2025-07-16,Quarta-feira,20:36,2.14,Preamar
2025-08-01,Sexta-feira,03:02,0.89,Baixa-mar
2025-08-01,Sexta-feira,09:21,1.85,Preamar
2025-08-01,Sexta-feira,15:32,0.92,Baixa-mar
2025-08-01,Sexta-feira,21:57,1.82,Preamar
2025-08-17,Domingo,04:42,0.76,Baixa-mar
2025-08-17,Domingo,11:01,1.92,Preamar
2025-08-17,Domingo,17:17,0.88,Baixa-mar
2025-08-17,Domingo,23:42,1.97,Preamar
2025-08-02,Sábado,04:12,0.97,Baixa-mar
2025-08-02,Sábado,10:27,1.74,Preamar
2025-08-02,Sábado,16:47,1.0,Baixa-mar
2025-08-02,Sábado,23:06,1.79,Preamar
2025-08-18,Segunda-feira,06:16,0.73,Baixa-mar
2025-08-18,Segunda-feira,12:34,1.92,Preamar
2025-08-18,Segunda-feira,18:46,0.84,Baixa-mar
2025-08-03,Domingo,05:32,0.99,Baixa-mar
2025-08-03,Domingo,11:51,1.71,Preamar
2025-08-03,Domingo,18:04,0.99,Baixa-mar
2025-08-19,Terça-feira,01:04,2.06,Preamar
2025-08-19,Terça-feira,07:34,0.6,Baixa-mar
2025-08-19,Terça-feira,13:49,2.02,Preamar
2025-08-19,Terça-feira,19:53,0.71,Baixa-mar
2025-08-04,Segunda-feira,00:19,1.83,Preamar
2025-08-04,Segunda-feira,06:57,0.91,Baixa-mar
2025-08-04,Segunda-feira,13:06,1.77,Preamar
2025-08-04,Segunda-feira,19:14,0.92,Baixa-mar
2025-08-20,Quarta-feira,02:12,2.21,Preamar
2025-08-20,Quarta-feira,08:31,0.45,Baixa-mar
2025-08-20,Quarta-feira,14:47,2.15,Preamar
2025-08-20,Quarta-feira,20:44,0.58,Baixa-mar
2025-08-05,Terça-feira,01:23,1.93,Preamar
2025-08-05,Terça-feira,07:55,0.78,Baixa-mar
2025-08-05,Terça-feira,14:04,1.88,Preamar
2025-08-05,Terça-feira,20:04,0.81,Baixa-mar
2025-08-21,Quinta-feira,03:02,2.36,Preamar
2025-08-21,Quinta-feira,09:16,0.32,Baixa-mar
2025-08-21,Quinta-feira,15:34,2.26,Preamar
2025-08-21,Quinta-feira,21:25,0.45,Baixa-mar
2025-08-06,Quarta-feira,02:19,2.06,Preamar
2025-08-06,Quarta-feira,08:40,0.64,Baixa-mar
2025-08-06,Quarta-feira,14:51,2.0,Preamar
2025-08-06,Quarta-feira,20:49,0.68,Baixa-mar
2025-08-22,Sexta-feira,03:47,2.47,Preamar
2025-08-22,Sexta-feira,09:57,0.24,Baixa-mar
2025-08-22,Sexta-feira,16:12,2.35,Preamar
2025-08-22,Sexta-feira,22:04,0.36,Baixa-mar
2025-08-07,Quinta-feira,03:02,2.2,Preamar
2025-08-07,Quinta-feira,09:17,0.49,Baixa-mar
2025-08-07,Quinta-feira,15:34,2.12,Preamar
2025-08-07,Quinta-feira,21:27,0.56,Baixa-mar
2025-08-23,Sábado,04:25,2.55,Preamar
2025-08-23,Sábado,10:32,0.2,Baixa-mar
2025-08-23,Sábado,16:49,2.39,Preamar
2025-08-23,Sábado,22:42,0.3,Baixa-mar
2025-08-08,Sexta-feira,03:42,2.33,Preamar
2025-08-08,Sexta-feira,09:55,0.36,Baixa-mar
2025-08-08,Sexta-feira,16:10,2.24,Preamar
2025-08-08,Sexta-feira,22:04,0.44,Baixa-mar
2025-08-24,Domingo,05:01,2.57,Preamar
2025-08-24,Domingo,11:06,0.21,Baixa-mar
2025-08-24,Domingo,17:19,2.4,Preamar
2025-08-24,Domingo,23:12,0.29,Baixa-mar
2025-08-09,Sábado,04:17,2.45,Preamar
2025-08-09,Sábado,10:29,0.26,Baixa-mar
2025-08-09,Sábado,16:47,2.33,Preamar
2025-08-09,Sábado,22:42,0.35,Baixa-mar
2025-08-25,Segunda-feira,05:32,2.53,Preamar
2025-08-25,Segunda-feira,11:40,0.26,Baixa-mar
2025-08-25,Segunda-feira,17:53,2.38,Preamar
2025-08-25,Segunda-feira,23:46,0.33,Baixa-mar
2025-08-10,Domingo,04:55,2.54,Preamar
2025-08-10,Domingo,11:06,0.19,Baixa-mar
2025-08-10,Domingo,17:21,2.39,Preamar
2025-08-10,Domingo,23:16,0.29,Baixa-mar
2025-08-26,Terça-feira,06:04,2.45,Preamar
2025-08-26,Terça-feira,12:08,0.36,Baixa-mar
2025-08-26,Terça-feira,18:21,2.31,Preamar
2025-08-11,Segunda-feira,05:31,2.59,Preamar
2025-08-11,Segunda-feira,11:44,0.18,Baixa-mar
2025-08-11,Segunda-feira,17:59,2.4,Preamar
2025-08-11,Segunda-feira,23:55,0.27,Baixa-mar
2025-08-27,Quarta-feira,00:16,0.42,Baixa-mar
2025-08-27,Quarta-feira,06:36,2.33,Preamar
2025-08-27,Quarta-feira,12:38,0.48,Baixa-mar
2025-08-27,Quarta-feira,18:55,2.22,Preamar
2025-08-12,Terça-feira,06:10,2.57,Preamar
2025-08-12,Terça-feira,12:19,0.22,Baixa-mar
2025-08-12,Terça-feira,18:36,2.38,Preamar
2025-08-28,Quinta-feira,00:47,0.54,Baixa-mar
2025-08-28,Quinta-feira,07:10,2.17,Preamar
2025-08-28,Quinta-feira,13:06,0.63,Baixa-mar
2025-08-28,Quinta-feira,19:27,2.09,Preamar
2025-08-13,Quarta-feira,00:34,0.31,Baixa-mar
2025-08-13,Quarta-feira,06:51,2.49,Preamar
2025-08-13,Quarta-feira,13:01,0.32,Baixa-mar
2025-08-13,Quarta-feira,19:17,2.3,Preamar
2025-08-29,Sexta-feira,01:21,0.69,Baixa-mar
2025-08-29,Sexta-feira,07:49,2.0,Preamar
2025-08-29,Sexta-feira,13:42,0.79,Baixa-mar
2025-08-29,Sexta-feira,20:06,1.96,Preamar
2025-08-14,Quinta-feira,01:16,0.41,Baixa-mar
2025-08-14,Quinta-feira,07:40,2.36,Preamar
2025-08-14,Quinta-feira,13:44,0.47,Baixa-mar
2025-08-14,Quinta-feira,20:04,2.19,Preamar
2025-08-30,Sábado,02:06,0.85,Baixa-mar
2025-08-30,Sábado,08:34,1.84,Preamar
2025-08-30,Sábado,14:29,0.95,Baixa-mar
2025-08-30,Sábado,21:02,1.83,Preamar
2025-08-15,Sexta-feira,02:06,0.54,Baixa-mar
2025-08-15,Sexta-feira,08:34,2.19,Preamar
2025-08-15,Sexta-feira,14:36,0.64,Baixa-mar
2025-08-15,Sexta-feira,21:02,2.07,Preamar
2025-08-31,Domingo,03:19,0.99,Baixa-mar
2025-08-31,Domingo,09:40,1.7,Preamar
2025-08-31,Domingo,15:47,1.07,Baixa-mar
2025-08-31,Domingo,22:16,1.76,Preamar
2025-08-16,Sábado,03:14,0.68,Baixa-mar
2025-08-16,Sábado,09:38,2.03,Preamar
2025-08-16,Sábado,15:46,0.8,Baixa-mar
2025-08-16,Sábado,22:12,1.98,Preamar
2025-09-01,Segunda-feira,04:57,1.02,Baixa-mar
2025-09-01,Segunda-feira,11:12,1.66,Preamar
2025-09-01,Segunda-feira,17:32,1.07,Baixa-mar
2025-09-01,Segunda-feira,23:49,1.79,Preamar
2025-09-17,Quarta-feira,01:08,2.05,Preamar
2025-09-17,Quarta-feira,07:36,0.59,Baixa-mar
2025-09-17,Quarta-feira,13:51,2.03,Preamar
2025-09-17,Quarta-feira,19:53,0.72,Baixa-mar
2025-09-02,Terça-feira,06:32,0.93,Baixa-mar
2025-09-02,Terça-feira,12:47,1.75,Preamar
2025-09-02,Terça-feira,18:49,0.96,Baixa-mar
2025-09-18,Quinta-feira,02:08,2.21,Preamar
2025-09-18,Quinta-feira,08:21,0.46,Baixa-mar
2025-09-18,Quinta-feira,14:38,2.15,Preamar
2025-09-18,Quinta-feira,20:34,0.58,Baixa-mar
2025-09-03,Quarta-feira,01:01,1.92,Preamar
2025-09-03,Quarta-feira,07:31,0.77,Baixa-mar
2025-09-03,Quarta-feira,13:44,1.9,Preamar
2025-09-03,Quarta-feira,19:44,0.8,Baixa-mar
2025-09-19,Sexta-feira,02:53,2.34,Preamar
2025-09-19,Sexta-feira,09:01,0.35,Baixa-mar
2025-09-19,Sexta-feira,15:17,2.26,Preamar
2025-09-19,Sexta-feira,21:08,0.46,Baixa-mar
2025-09-04,Quinta-feira,01:55,2.09,Preamar
2025-09-04,Quinta-feira,08:14,0.59,Baixa-mar
2025-09-04,Quinta-feira,14:27,2.07,Preamar
2025-09-04,Quinta-feira,20:23,0.63,Baixa-mar
2025-09-20,Sábado,03:29,2.43,Preamar
2025-09-20,Sábado,09:34,0.3,Baixa-mar
2025-09-20,Sábado,15:51,2.33,Preamar
2025-09-20,Sábado,21:44,0.37,Baixa-mar
2025-09-05,Sexta-feira,02:38,2.27,Preamar
2025-09-05,Sexta-feira,08:53,0.42,Baixa-mar
2025-09-05,Sexta-feira,15:08,2.22,Preamar
2025-09-05,Sexta-feira,21:02,0.47,Baixa-mar
2025-09-21,Domingo,04:02,2.47,Preamar
2025-09-21,Domingo,10:04,0.27,Baixa-mar
2025-09-21,Domingo,16:17,2.37,Preamar
2025-09-21,Domingo,22:12,0.31,Baixa-mar
2025-09-06,Sábado,03:16,2.43,Preamar
2025-09-06,Sábado,09:27,0.27,Baixa-mar
2025-09-06,Sábado,15:46,2.36,Preamar
2025-09-06,Sábado,21:42,0.32,Baixa-mar
2025-09-22,Segunda-feira,04:32,2.48,Preamar
2025-09-22,Segunda-feira,10:34,0.29,Baixa-mar
2025-09-22,Segunda-feira,16:47,2.39,Preamar
2025-09-22,Segunda-feira,22:44,0.3,Baixa-mar
2025-09-07,Domingo,03:55,2.57,Preamar
2025-09-07,Domingo,10:04,0.16,Baixa-mar
2025-09-07,Domingo,16:19,2.47,Preamar
2025-09-07,Domingo,22:17,0.2,Baixa-mar
2025-09-23,Terça-feira,05:01,2.44,Preamar
2025-09-23,Terça-feira,11:02,0.33,Baixa-mar
2025-09-23,Terça-feira,17:14,2.37,Preamar
2025-09-23,Terça-feira,23:10,0.33,Baixa-mar
2025-09-08,Segunda-feira,04:32,2.65,Preamar
2025-09-08,Segunda-feira,10:42,0.1,Baixa-mar
2025-09-08,Segunda-feira,16:59,2.53,Preamar
2025-09-08,Segunda-feira,22:57,0.14,Baixa-mar
2025-09-24,Quarta-feira,05:29,2.37,Preamar
2025-09-24,Quarta-feira,11:29,0.41,Baixa-mar
2025-09-24,Quarta-feira,17:44,2.32,Preamar
2025-09-24,Quarta-feira,23:40,0.41,Baixa-mar
2025-09-09,Terça-feira,05:10,2.68,Preamar
2025-09-09,Terça-feira,11:17,0.11,Baixa-mar
2025-09-09,Terça-feira,17:34,2.53,Preamar
2025-09-09,Terça-feira,23:34,0.15,Baixa-mar
2025-09-25,Quinta-feira,05:59,2.26,Preamar
2025-09-25,Quinta-feira,11:57,0.51,Baixa-mar
2025-09-25,Quinta-feira,18:10,2.23,Preamar
2025-09-10,Quarta-feira,05:51,2.63,Preamar
2025-09-10,Quarta-feira,11:59,0.19,Baixa-mar
2025-09-10,Quarta-feira,18:14,2.47,Preamar
2025-09-26,Sexta-feira,00:08,0.52,Baixa-mar
2025-09-26,Sexta-feira,06:29,2.12,Preamar
2025-09-26,Sexta-feira,12:21,0.64,Baixa-mar
2025-09-26,Sexta-feira,18:42,2.11,Preamar
2025-09-11,Quinta-feira,00:14,0.22,Baixa-mar
2025-09-11,Quinta-feira,06:34,2.5,Preamar
2025-09-11,Quinta-feira,12:38,0.34,Baixa-mar
2025-09-11,Quinta-feira,18:57,2.36,Preamar
2025-09-27,Sábado,00:42,0.66,Baixa-mar
2025-09-27,Sábado,07:02,1.96,Preamar
2025-09-27,Sábado,12:53,0.79,Baixa-mar
2025-09-27,Sábado,19:16,1.98,Preamar
2025-09-12,Sexta-feira,01:01,0.37,Baixa-mar
2025-09-12,Sexta-feira,07:23,2.32,Preamar
2025-09-12,Sexta-feira,13:21,0.54,Baixa-mar
2025-09-12,Sexta-feira,19:44,2.2,Preamar
2025-09-28,Domingo,01:19,0.81,Baixa-mar
2025-09-28,Domingo,07:49,1.81,Preamar
2025-09-28,Domingo,13:34,0.95,Baixa-mar
2025-09-28,Domingo,20:06,1.84,Preamar
2025-09-13,Sábado,01:55,0.56,Baixa-mar
2025-09-13,Sábado,08:19,2.1,Preamar
2025-09-13,Sábado,14:16,0.76,Baixa-mar
2025-09-13,Sábado,20:47,2.03,Preamar
2025-09-29,Segunda-feira,02:21,0.96,Baixa-mar
2025-09-29,Segunda-feira,08:53,1.67,Preamar
2025-09-29,Segunda-feira,14:46,1.08,Baixa-mar
2025-09-29,Segunda-feira,21:21,1.75,Preamar
2025-09-14,Domingo,03:10,0.74,Baixa-mar
2025-09-14,Domingo,09:32,1.91,Preamar
2025-09-14,Domingo,15:40,0.94,Baixa-mar
2025-09-14,Domingo,22:06,1.92,Preamar
2025-09-30,Terça-feira,04:06,1.01,Baixa-mar
2025-09-30,Terça-feira,10:32,1.63,Preamar
2025-09-30,Terça-feira,16:47,1.09,Baixa-mar
2025-09-30,Terça-feira,22:59,1.77,Preamar
2025-09-15,Segunda-feira,04:53,0.81,Baixa-mar
2025-09-15,Segunda-feira,11:10,1.82,Preamar
2025-09-15,Segunda-feira,17:27,0.97,Baixa-mar
2025-09-15,Segunda-feira,23:47,1.93,Preamar
2025-09-16,Terça-feira,06:29,0.74,Baixa-mar
2025-09-16,Terça-feira,12:49,1.89,Preamar
2025-09-16,Terça-feira,18:53,0.87,Baixa-mar
2025-10-01,Quarta-feira,05:44,0.92,Baixa-mar
2025-10-01,Quarta-feira,12:04,1.73,Preamar
2025-10-01,Quarta-feira,18:04,0.97,Baixa-mar
2025-10-17,Sexta-feira,01:47,2.17,Preamar
2025-10-17,Sexta-feira,07:59,0.45,Baixa-mar
2025-10-17,Sexta-feira,14:12,2.13,Preamar
2025-10-17,Sexta-feira,20:10,0.54,Baixa-mar
2025-10-02,Quinta-feira,00:14,1.9,Preamar
2025-10-02,Quinta-feira,06:47,0.75,Baixa-mar
2025-10-02,Quinta-feira,13:04,1.9,Preamar
2025-10-02,Quinta-feira,19:02,0.79,Baixa-mar
2025-10-18,Sábado,02:29,2.26,Preamar
2025-10-18,Sábado,08:36,0.39,Baixa-mar
2025-10-18,Sábado,14:49,2.21,Preamar
2025-10-18,Sábado,20:46,0.44,Baixa-mar
2025-10-03,Sexta-feira,01:12,2.09,Preamar
2025-10-03,Sexta-feira,07:34,0.56,Baixa-mar
2025-10-03,Sexta-feira,13:49,2.09,Preamar
2025-10-03,Sexta-feira,19:49,0.58,Baixa-mar
2025-10-19,Domingo,03:02,2.32,Preamar
2025-10-19,Domingo,09:04,0.35,Baixa-mar
2025-10-19,Domingo,15:21,2.27,Preamar
2025-10-19,Domingo,21:16,0.37,Baixa-mar
2025-10-04,Sábado,02:01,2.28,Preamar
2025-10-04,Sábado,08:14,0.37,Baixa-mar
2025-10-04,Sábado,14:29,2.27,Preamar
2025-10-04,Sábado,20:29,0.38,Baixa-mar
2025-10-20,Segunda-feira,03:34,2.34,Preamar
2025-10-20,Segunda-feira,09:34,0.34,Baixa-mar
2025-10-20,Segunda-feira,15:49,2.31,Preamar
2025-10-20,Segunda-feira,21:49,0.33,Baixa-mar
2025-10-05,Domingo,02:42,2.46,Preamar
2025-10-05,Domingo,08:55,0.21,Baixa-mar
2025-10-05,Domingo,15:08,2.42,Preamar
2025-10-05,Domingo,21:08,0.21,Baixa-mar
2025-10-21,Terça-feira,04:04,2.33,Preamar
2025-10-21,Terça-feira,10:02,0.36,Baixa-mar
2025-10-21,Terça-feira,16:16,2.32,Preamar
2025-10-21,Terça-feira,22:16,0.32,Baixa-mar
2025-10-06,Segunda-feira,03:23,2.6,Preamar
2025-10-06,Segunda-feira,09:32,0.11,Baixa-mar
2025-10-06,Segunda-feira,15:49,2.54,Preamar
2025-10-06,Segunda-feira,21:51,0.09,Baixa-mar
2025-10-22,Quarta-feira,04:34,2.29,Preamar
2025-10-22,Quarta-feira,10:31,0.39,Baixa-mar
2025-10-22,Quarta-feira,16:46,2.3,Preamar
2025-10-22,Quarta-feira,22:47,0.35,Baixa-mar
2025-10-07,Terça-feira,04:04,2.67,Preamar
2025-10-07,Terça-feira,10:10,0.06,Baixa-mar
2025-10-07,Terça-feira,16:27,2.6,Preamar
2025-10-07,Terça-feira,22:31,0.03,Baixa-mar
2025-10-23,Quinta-feira,05:02,2.22,Preamar
2025-10-23,Quinta-feira,10:59,0.45,Baixa-mar
2025-10-23,Quinta-feira,17:12,2.26,Preamar
2025-10-23,Quinta-feira,23:14,0.42,Baixa-mar
2025-10-08,Quarta-feira,04:49,2.68,Preamar
2025-10-08,Quarta-feira,10:53,0.09,Baixa-mar
2025-10-08,Quarta-feira,17:08,2.59,Preamar
2025-10-08,Quarta-feira,23:12,0.05,Baixa-mar
2025-10-24,Sexta-feira,05:31,2.13,Preamar
2025-10-24,Sexta-feira,11:25,0.54,Baixa-mar
2025-10-24,Sexta-feira,17:44,2.18,Preamar
2025-10-24,Sexta-feira,23:46,0.51,Baixa-mar
2025-10-09,Quinta-feira,05:31,2.6,Preamar
2025-10-09,Quinta-feira,11:34,0.19,Baixa-mar
2025-10-09,Quinta-feira,17:53,2.52,Preamar
2025-10-25,Sábado,06:02,2.01,Preamar
2025-10-25,Sábado,11:55,0.65,Baixa-mar
2025-10-25,Sábado,18:12,2.08,Preamar
2025-10-10,Sexta-feira,00:01,0.15,Baixa-mar
2025-10-10,Sexta-feira,06:17,2.45,Preamar
2025-10-10,Sexta-feira,12:17,0.35,Baixa-mar
2025-10-10,Sexta-feira,18:38,2.39,Preamar
2025-10-26,Domingo,00:17,0.62,Baixa-mar
2025-10-26,Domingo,06:38,1.88,Preamar
2025-10-26,Domingo,12:25,0.77,Baixa-mar
2025-10-26,Domingo,18:47,1.96,Preamar
2025-10-11,Sábado,00:49,0.31,Baixa-mar
2025-10-11,Sábado,07:12,2.25,Preamar
2025-10-11,Sábado,13:06,0.56,Baixa-mar
2025-10-11,Sábado,19:31,2.21,Preamar
2025-10-27,Segunda-feira,00:59,0.74,Baixa-mar
2025-10-27,Segunda-feira,07:23,1.76,Preamar
2025-10-27,Segunda-feira,13:06,0.9,Baixa-mar
2025-10-27,Segunda-feira,19:32,1.85,Preamar
2025-10-12,Domingo,01:47,0.51,Baixa-mar
2025-10-12,Domingo,08:12,2.04,Preamar
2025-10-12,Domingo,14:08,0.77,Baixa-mar
2025-10-12,Domingo,20:40,2.04,Preamar
2025-10-28,Terça-feira,01:53,0.85,Baixa-mar
2025-10-28,Terça-feira,08:21,1.66,Preamar
2025-10-28,Terça-feira,14:10,1.0,Baixa-mar
2025-10-28,Terça-feira,20:42,1.77,Preamar
2025-10-13,Segunda-feira,03:12,0.68,Baixa-mar
2025-10-13,Segunda-feira,09:29,1.87,Preamar
2025-10-13,Segunda-feira,15:42,0.92,Baixa-mar
2025-10-13,Segunda-feira,22:01,1.93,Preamar
2025-10-29,Quarta-feira,03:21,0.9,Baixa-mar
2025-10-29,Quarta-feira,09:47,1.62,Preamar
2025-10-29,Quarta-feira,15:51,1.02,Baixa-mar
2025-10-29,Quarta-feira,22:04,1.77,Preamar
2025-10-14,Terça-feira,04:47,0.73,Baixa-mar
2025-10-14,Terça-feira,11:04,1.82,Preamar
2025-10-14,Terça-feira,17:17,0.92,Baixa-mar
2025-10-14,Terça-feira,23:36,1.94,Preamar
2025-10-30,Quinta-feira,04:46,0.84,Baixa-mar
2025-10-30,Quinta-feira,11:10,1.7,Preamar
2025-10-30,Quinta-feira,17:10,0.91,Baixa-mar
2025-10-30,Quinta-feira,23:25,1.87,Preamar
2025-10-15,Quarta-feira,06:14,0.66,Baixa-mar
2025-10-15,Quarta-feira,12:32,1.9,Preamar
2025-10-15,Quarta-feira,18:36,0.81,Baixa-mar
2025-10-31,Sexta-feira,05:55,0.7,Baixa-mar
2025-10-31,Sexta-feira,12:16,1.85,Preamar
2025-10-31,Sexta-feira,18:12,0.74,Baixa-mar
2025-10-16,Quinta-feira,00:51,2.05,Preamar
2025-10-16,Quinta-feira,07:14,0.55,Baixa-mar
2025-10-16,Quinta-feira,13:29,2.02,Preamar
2025-10-16,Quinta-feira,19:31,0.67,Baixa-mar
2025-11-01,Sábado,00:25,2.03,Preamar
2025-11-01,Sábado,06:47,0.54,Baixa-mar
2025-11-01,Sábado,13:04,2.03,Preamar
2025-11-01,Sábado,19:04,0.55,Baixa-mar
2025-11-17,Segunda-feira,02:27,2.11,Preamar
2025-11-17,Segunda-feira,08:31,0.43,Baixa-mar
2025-11-17,Segunda-feira,14:44,2.13,Preamar
2025-11-17,Segunda-feira,20:47,0.4,Baixa-mar
2025-11-02,Domingo,01:17,2.2,Preamar
2025-11-02,Domingo,07:34,0.38,Baixa-mar
2025-11-02,Domingo,13:49,2.2,Preamar
2025-11-02,Domingo,19:55,0.35,Baixa-mar
2025-11-18,Terça-feira,03:02,2.13,Preamar
2025-11-18,Terça-feira,09:02,0.4,Baixa-mar
2025-11-18,Terça-feira,15:16,2.19,Preamar
2025-11-18,Terça-feira,21:21,0.34,Baixa-mar
2025-11-03,Segunda-feira,02:06,2.36,Preamar
2025-11-03,Segunda-feira,08:17,0.24,Baixa-mar
2025-11-03,Segunda-feira,14:32,2.35,Preamar
2025-11-03,Segunda-feira,20:40,0.18,Baixa-mar
2025-11-19,Quarta-feira,03:36,2.14,Preamar
2025-11-19,Quarta-feira,09:32,0.39,Baixa-mar
2025-11-19,Quarta-feira,15:49,2.22,Preamar
2025-11-19,Quarta-feira,21:55,0.32,Baixa-mar
2025-11-04,Terça-feira,02:55,2.47,Preamar
2025-11-04,Terça-feira,09:02,0.14,Baixa-mar
2025-11-04,Terça-feira,15:17,2.46,Preamar
2025-11-04,Terça-feira,21:23,0.06,Baixa-mar
2025-11-20,Quinta-feira,04:08,2.13,Preamar
2025-11-20,Quinta-feira,10:04,0.4,Baixa-mar
2025-11-20,Quinta-feira,16:19,2.22,Preamar
2025-11-20,Quinta-feira,22:27,0.32,Baixa-mar
2025-11-05,Quarta-feira,03:40,2.53,Preamar
2025-11-05,Quarta-feira,09:46,0.1,Baixa-mar
2025-11-05,Quarta-feira,16:02,2.53,Preamar
2025-11-05,Quarta-feira,22:10,-0.0,Baixa-mar
2025-11-21,Sexta-feira,04:44,2.09,Preamar
2025-11-21,Sexta-feira,10:38,0.44,Baixa-mar
2025-11-21,Sexta-feira,16:55,2.2,Preamar
2025-11-21,Sexta-feira,23:02,0.35,Baixa-mar
2025-11-06,Quinta-feira,04:27,2.53,Preamar
2025-11-06,Quinta-feira,10:29,0.13,Baixa-mar
2025-11-06,Quinta-feira,16:47,2.53,Preamar
2025-11-06,Quinta-feira,22:59,0.01,Baixa-mar
2025-11-22,Sábado,05:16,2.04,Preamar
2025-11-22,Sábado,11:10,0.49,Baixa-mar
2025-11-22,Sábado,17:25,2.15,Preamar
2025-11-22,Sábado,23:36,0.41,Baixa-mar
2025-11-07,Sexta-feira,05:14,2.46,Preamar
2025-11-07,Sexta-feira,11:14,0.2,Baixa-mar
2025-11-07,Sexta-feira,17:32,2.48,Preamar
2025-11-07,Sexta-feira,23:46,0.1,Baixa-mar
2025-11-23,Domingo,05:53,1.96,Preamar
2025-11-23,Domingo,11:46,0.56,Baixa-mar
2025-11-23,Domingo,18:01,2.09,Preamar
2025-11-08,Sábado,06:04,2.33,Preamar
2025-11-08,Sábado,12:02,0.34,Baixa-mar
2025-11-08,Sábado,18:21,2.37,Preamar
2025-11-24,Segunda-feira,00:12,0.48,Baixa-mar
2025-11-24,Segunda-feira,06:29,1.88,Preamar
2025-11-24,Segunda-feira,12:17,0.65,Baixa-mar
2025-11-24,Segunda-feira,18:36,2.0,Preamar
2025-11-09,Domingo,00:40,0.23,Baixa-mar
2025-11-09,Domingo,07:01,2.17,Preamar
2025-11-09,Domingo,12:53,0.5,Baixa-mar
2025-11-09,Domingo,19:16,2.22,Preamar
2025-11-25,Terça-feira,00:53,0.56,Baixa-mar
2025-11-25,Terça-feira,07:12,1.79,Preamar
2025-11-25,Terça-feira,13:01,0.73,Baixa-mar
2025-11-25,Terça-feira,19:19,1.92,Preamar
2025-11-10,Segunda-feira,01:38,0.4,Baixa-mar
2025-11-10,Segunda-feira,08:01,2.0,Preamar
2025-11-10,Segunda-feira,13:53,0.67,Baixa-mar
2025-11-10,Segunda-feira,20:19,2.07,Preamar
2025-11-26,Quarta-feira,01:42,0.63,Baixa-mar
2025-11-26,Quarta-feira,08:04,1.73,Preamar
2025-11-26,Quarta-feira,13:55,0.79,Baixa-mar
2025-11-26,Quarta-feira,20:17,1.86,Preamar
2025-11-11,Terça-feira,02:53,0.55,Baixa-mar
2025-11-11,Terça-feira,09:06,1.86,Preamar
2025-11-11,Terça-feira,15:10,0.8,Baixa-mar
2025-11-11,Terça-feira,21:29,1.95,Preamar
2025-11-27,Quinta-feira,02:44,0.68,Baixa-mar
2025-11-27,Quinta-feira,09:06,1.69,Preamar
2025-11-27,Quinta-feira,15:02,0.81,Baixa-mar
2025-11-27,Quinta-feira,21:21,1.84,Preamar
2025-11-12,Quarta-feira,04:08,0.62,Baixa-mar
2025-11-12,Quarta-feira,10:25,1.79,Preamar
2025-11-12,Quarta-feira,16:36,0.83,Baixa-mar
2025-11-12,Quarta-feira,22:51,1.91,Preamar
2025-11-28,Sexta-feira,03:53,0.67,Baixa-mar
2025-11-28,Sexta-feira,10:16,1.72,Preamar
2025-11-28,Sexta-feira,16:17,0.76,Baixa-mar
2025-11-28,Sexta-feira,22:34,1.87,Preamar
2025-11-13,Quinta-feira,05:27,0.63,Baixa-mar
2025-11-13,Quinta-feira,11:44,1.82,Preamar
2025-11-13,Quinta-feira,17:47,0.77,Baixa-mar
2025-11-29,Sábado,04:59,0.61,Baixa-mar
2025-11-29,Sábado,11:23,1.81,Preamar
2025-11-29,Sábado,17:23,0.65,Baixa-mar
2025-11-29,Sábado,23:42,1.96,Preamar
2025-11-14,Sexta-feira,00:04,1.94,Preamar
2025-11-14,Sexta-feira,06:31,0.58,Baixa-mar
2025-11-14,Sexta-feira,12:44,1.9,Preamar
2025-11-14,Sexta-feira,18:47,0.67,Baixa-mar
2025-11-30,Domingo,06:01,0.52,Baixa-mar
2025-11-30,Domingo,12:21,1.94,Preamar
2025-11-30,Domingo,18:25,0.51,Baixa-mar
2025-11-15,Sábado,01:02,2.0,Preamar
2025-11-15,Sábado,07:17,0.52,Baixa-mar
2025-11-15,Sábado,13:29,1.99,Preamar
2025-11-15,Sábado,19:34,0.56,Baixa-mar
2025-11-16,Domingo,01:49,2.07,Preamar
2025-11-16,Domingo,07:57,0.47,Baixa-mar
2025-11-16,Domingo,14:08,2.07,Preamar
2025-11-16,Domingo,20:10,0.47,Baixa-mar
2025-12-01,Segunda-feira,00:44,2.06,Preamar
2025-12-01,Segunda-feira,06:55,0.41,Baixa-mar
2025-12-01,Segunda-feira,13:12,2.08,Preamar
2025-12-01,Segunda-feira,19:23,0.35,Baixa-mar
2025-12-17,Quarta-feira,02:31,1.9,Preamar
2025-12-17,Quarta-feira,08:32,0.51,Baixa-mar
2025-12-17,Quarta-feira,14:46,2.02,Preamar
2025-12-17,Quarta-feira,20:59,0.4,Baixa-mar
2025-12-02,Terça-feira,01:40,2.17,Preamar
2025-12-02,Terça-feira,07:51,0.31,Baixa-mar
2025-12-02,Terça-feira,14:04,2.21,Preamar
2025-12-02,Terça-feira,20:17,0.2,Baixa-mar
2025-12-18,Quinta-feira,03:10,1.94,Preamar
2025-12-18,Quinta-feira,09:06,0.46,Baixa-mar
2025-12-18,Quinta-feira,15:23,2.09,Preamar
2025-12-18,Quinta-feira,21:36,0.34,Baixa-mar
2025-12-03,Quarta-feira,02:32,2.26,Preamar
2025-12-03,Quarta-feira,08:42,0.23,Baixa-mar
2025-12-03,Quarta-feira,14:57,2.32,Preamar
2025-12-03,Quarta-feira,21:08,0.09,Baixa-mar
2025-12-19,Sexta-feira,03:49,1.98,Preamar
2025-12-19,Sexta-feira,09:46,0.42,Baixa-mar
2025-12-19,Sexta-feira,16:01,2.14,Preamar
2025-12-19,Sexta-feira,22:10,0.29,Baixa-mar
2025-12-04,Quinta-feira,03:25,2.31,Preamar
2025-12-04,Quinta-feira,09:27,0.19,Baixa-mar
2025-12-04,Quinta-feira,15:47,2.4,Preamar
2025-12-04,Quinta-feira,22:01,0.01,Baixa-mar
2025-12-20,Sábado,04:25,2.01,Preamar
2025-12-20,Sábado,10:21,0.39,Baixa-mar
2025-12-20,Sábado,16:36,2.17,Preamar
2025-12-20,Sábado,22:47,0.26,Baixa-mar
2025-12-05,Sexta-feira,04:16,2.33,Preamar
2025-12-05,Sexta-feira,10:16,0.18,Baixa-mar
2025-12-05,Sexta-feira,16:36,2.43,Preamar
2025-12-05,Sexta-feira,22:51,-0.0,Baixa-mar
2025-12-21,Domingo,05:02,2.02,Preamar
2025-12-21,Domingo,10:59,0.38,Baixa-mar
2025-12-21,Domingo,17:10,2.19,Preamar
2025-12-21,Domingo,23:23,0.25,Baixa-mar
2025-12-06,Sábado,05:06,2.3,Preamar
2025-12-06,Sábado,11:04,0.21,Baixa-mar
2025-12-06,Sábado,17:23,2.41,Preamar
2025-12-06,Sábado,23:40,0.04,Baixa-mar
2025-12-22,Segunda-feira,05:38,2.01,Preamar
2025-12-22,Segunda-feira,11:32,0.4,Baixa-mar
2025-12-22,Segunda-feira,17:46,2.18,Preamar
2025-12-07,Domingo,05:57,2.23,Preamar
2025-12-07,Domingo,11:53,0.28,Baixa-mar
2025-12-07,Domingo,18:10,2.35,Preamar
2025-12-23,Terça-feira,00:01,0.27,Baixa-mar
2025-12-23,Terça-feira,06:16,1.99,Preamar
2025-12-23,Terça-feira,12:08,0.42,Baixa-mar
2025-12-23,Terça-feira,18:19,2.15,Preamar
2025-12-08,Segunda-feira,00:31,0.13,Baixa-mar
2025-12-08,Segunda-feira,06:49,2.12,Preamar
2025-12-08,Segunda-feira,12:40,0.39,Baixa-mar
2025-12-08,Segunda-feira,19:02,2.23,Preamar
2025-12-24,Quarta-feira,00:38,0.31,Baixa-mar
2025-12-24,Quarta-feira,06:55,1.95,Preamar
2025-12-24,Quarta-feira,12:47,0.46,Baixa-mar
2025-12-24,Quarta-feira,19:02,2.1,Preamar
2025-12-09,Terça-feira,01:21,0.27,Baixa-mar
2025-12-09,Terça-feira,07:40,2.0,Preamar
2025-12-09,Terça-feira,13:31,0.52,Baixa-mar
2025-12-09,Terça-feira,19:55,2.1,Preamar
2025-12-25,Quinta-feira,01:17,0.36,Baixa-mar
2025-12-25,Quinta-feira,07:36,1.9,Preamar
2025-12-25,Quinta-feira,13:31,0.51,Baixa-mar
2025-12-25,Quinta-feira,19:49,2.04,Preamar
2025-12-10,Quarta-feira,02:17,0.42,Baixa-mar
2025-12-10,Quarta-feira,08:32,1.87,Preamar
2025-12-10,Quarta-feira,14:27,0.64,Baixa-mar
2025-12-10,Quarta-feira,20:53,1.96,Preamar
2025-12-26,Sexta-feira,02:04,0.42,Baixa-mar
2025-12-26,Sexta-feira,08:25,1.86,Preamar
2025-12-26,Sexta-feira,14:21,0.55,Baixa-mar
2025-12-26,Sexta-feira,20:46,1.98,Preamar
2025-12-11,Quinta-feira,03:17,0.54,Baixa-mar
2025-12-11,Quinta-feira,09:32,1.77,Preamar
2025-12-11,Quinta-feira,15:36,0.73,Baixa-mar
2025-12-11,Quinta-feira,21:51,1.85,Preamar
2025-12-27,Sábado,03:01,0.48,Baixa-mar
2025-12-27,Sábado,09:23,1.83,Preamar
2025-12-27,Sábado,15:27,0.58,Baixa-mar
2025-12-27,Sábado,21:47,1.93,Preamar
2025-12-12,Sexta-feira,04:21,0.63,Baixa-mar
2025-12-12,Sexta-feira,10:34,1.72,Preamar
2025-12-12,Sexta-feira,16:44,0.75,Baixa-mar
2025-12-12,Sexta-feira,22:59,1.79,Preamar
2025-12-28,Domingo,04:02,0.52,Baixa-mar
2025-12-28,Domingo,10:29,1.84,Preamar
2025-12-28,Domingo,16:38,0.56,Baixa-mar
2025-12-28,Domingo,22:59,1.92,Preamar
2025-12-13,Sábado,05:27,0.67,Baixa-mar
2025-12-13,Sábado,11:40,1.73,Preamar
2025-12-13,Sábado,17:46,0.73,Baixa-mar
2025-12-29,Segunda-feira,05:12,0.52,Baixa-mar
2025-12-29,Segunda-feira,11:40,1.89,Preamar
2025-12-29,Segunda-feira,17:51,0.49,Baixa-mar
2025-12-14,Domingo,00:04,1.77,Preamar
2025-12-14,Domingo,06:23,0.66,Baixa-mar
2025-12-14,Domingo,12:34,1.79,Preamar
2025-12-14,Domingo,18:47,0.66,Baixa-mar
2025-12-30,Terça-feira,00:10,1.94,Preamar
2025-12-30,Terça-feira,06:21,0.49,Baixa-mar
2025-12-30,Terça-feira,12:46,1.99,Preamar
2025-12-30,Terça-feira,19:02,0.38,Baixa-mar
2025-12-15,Segunda-feira,01:02,1.8,Preamar
2025-12-15,Segunda-feira,07:10,0.62,Baixa-mar
2025-12-15,Segunda-feira,13:21,1.86,Preamar
2025-12-15,Segunda-feira,19:36,0.57,Baixa-mar
2025-12-31,Quarta-feira,01:19,2.01,Preamar
2025-12-31,Quarta-feira,07:29,0.42,Baixa-mar
2025-12-31,Quarta-feira,13:47,2.1,Preamar
2025-12-31,Quarta-feira,20:06,0.25,Baixa-mar
2025-12-16,Terça-feira,01:51,1.85,Preamar
2025-12-16,Terça-feira,07:53,0.56,Baixa-mar
2025-12-16,Terça-feira,14:06,1.94,Preamar
2025-12-16,Terça-feira,20:17,0.49,Baixa-mar
